beginning,begining
problem,problam
problem,promblem
driven,dirven
juice,juce
juice,jucie
juice,juise
locally,localy
compare,compair
pronunciation,pronounciation
independent,independant
independent,independant
arranged,aranged
arranged,arrainged
poetry,poertry
poetry,poetre
poetry,poety
poetry,powetry
level,leval
triangular,triangulaur
unexpected,unexpcted
unexpected,unexpeted
unexpected,unexspected
variable,varable
further,futher
available,avaible
separate,seperate
necessary,neccesary
necessary,necesary
necessary,neccesary
necessary,necassary
definition,defenition
receipt,receit
receipt,receite
receipt,recipt
initials,inetials
initials,inistals
initials,initails
initials,initals
initials,intials
magnificent,magnificnet
magnificent,magificent
magnificent,magnifcent
magnificent,magnifecent
magnificent,magnifisent
magnificent,magnificant
aunt,annt
aunt,arnt
initial,intial
there,ther
built,biult
totally,totaly
understand,undersand
southern,southen
definitely,definately
visited,fisited
visited,viseted
visited,vistied
receive,recieve
useful,usefull
valuable,valubale
valuable,valuble
clerical,clearical
splendid,spledid
splendid,splended
splendid,splended
between,beetween
completely,completly
account,acount
special,specail
special,specal
special,speical
latest,latets
latest,latiest
latest,latist
perhaps,perhapse
remember,rember
remember,remeber
remember,rememmer
remember,rermember
chapter,chaper
chapter,chaphter
chapter,chaptur
cake,cak
various,vairious
pretend,pertend
pretend,protend
pretend,prtend
pretend,pritend
choosing,chosing
wrote,rote
wrote,wote
particular,particulaur
awful,afful
arrangement,arragment
challenges,chalenges
challenges,chalenges
laugh,lagh
laugh,laught
laugh,lugh
often,offen
often,offten
often,ofton
someone,somone
personnel,personnell
unique,uneque
description,discription
poems,poims
poems,pomes
purple,perple
decide,descide
articles,articals
position,possition
extended,extented
really,realy
really,relley
voting,voteing
committee,comittee
wanted,wantid
wanted,wonted
benefits,benifits
scissors,scisors
scissors,sissors
levels,levals
parallel,paralel
parallel,paralell
parallel,parrallel
parallel,parrallell
accommodation,accomodation
accommodation,acommodation
accommodation,acomodation
planned,planed
hierarchy,hierchy
transferred,transfred
stomach,stomac
stomach,stomache
unfortunately,unfortunatly
considerable,conciderable
access,acess
singular,singulaur
scarcely,scarcly
scarcely,scarecly
scarcely,scarely
scarcely,scarsely
experience,experiance
possible,possable
visitors,vistors
auxiliary,auxillary
decided,descided
benefit,benifit
consider,concider
fails,failes
career,carrer
occurrence,occurence
occurrence,occurence
certain,cirtain
lieu,liew
establishing,astablishing
establishing,establising
different,diffrent
loans,lones
extremely,extreamly
families,familes
opposite,oppasite
opposite,oppesite
opposite,oppisite
opposite,opposit
opposite,oppossite
opposite,oppossitte
curtains,cartains
curtains,cuaritains
curtains,curtans
curtains,curtians
curtains,curtions
address,adress
address,adres
management,managment
variant,vairiant
supersede,supercede
beginning,begining
problem,problam
problem,promblem
driven,dirven
juice,juce
juice,jucie
juice,juise
locally,localy
compare,compair
independent,independant
independent,independant
arranged,aranged
arranged,arrainged
poetry,poertry
poetry,poetre
poetry,poety
poetry,powetry
level,leval
triangular,triangulaur
unexpected,unexpcted
unexpected,unexpeted
unexpected,unexspected
variable,varable
further,futher
monitoring,monitering
available,avaible
separate,seperate
necessary,neccesary
necessary,necesary
necessary,neccesary
necessary,necassary
definition,defenition
receipt,receit
receipt,receite
receipt,recipt
initials,inetials
initials,inistals
initials,initails
initials,initals
initials,intials
magnificent,magnificnet
magnificent,magificent
magnificent,magnifcent
magnificent,magnifecent
magnificent,magnifisent
magnificent,magnificant
aunt,annt
initial,intial
there,ther
built,biult
totally,totaly
understand,undersand
southern,southen
definitely,definately
visited,fisited
visited,viseted
visited,vistied
receive,recieve
useful,usefull
valuable,valubale
valuable,valuble
clerical,clearical
splendid,spledid
splendid,splended
splendid,splended
between,beetween
completely,completly
account,acount
special,specail
special,specal
special,speical
latest,latets
latest,latiest
latest,latist
perhaps,perhapse
remember,rember
remember,remeber
remember,rememmer
remember,rermember
chapter,chaper
chapter,chaphter
chapter,chaptur
cake,cak
various,vairious
pretend,pertend
pretend,protend
pretend,prtend
pretend,pritend
choosing,chosing
wrote,rote
wrote,wote
particular,particulaur
awful,afful
arrangement,arragment
challenges,chalenges
challenges,chalenges
laugh,lagh
laugh,laught
laugh,lugh
often,offen
often,offten
often,ofton
someone,somone
personnel,personnell
unique,uneque
description,discription
poems,poims
poems,pomes
purple,perple
decide,descide
articles,articals
position,possition
extended,extented
really,realy
really,relley
voting,voteing
committee,comittee
wanted,wantid
wanted,wonted
benefits,benifits
scissors,scisors
scissors,sissors
levels,levals
parallel,paralel
parallel,paralell
parallel,parrallel
parallel,parrallell
accommodation,accomodation
accommodation,acommodation
accommodation,acomodation
planned,planed
hierarchy,hierchy
transferred,transfred
accessing,accesing
stomach,stomac
stomach,stomache
unfortunately,unfortunatly
considerable,conciderable
access,acess
singular,singulaur
scarcely,scarcly
scarcely,scarecly
scarcely,scarely
scarcely,scarsely
experience,experiance
possible,possable
visitors,vistors
auxiliary,auxillary
decided,descided
benefit,benifit
consider,concider
fails,failes
career,carrer
occurrence,occurence
occurrence,occurence
certain,cirtain
establishing,astablishing
establishing,establising
different,diffrent
loans,lones
extremely,extreamly
centrally,centraly
families,familes
opposite,oppasite
opposite,oppesite
opposite,oppisite
opposite,opposit
opposite,oppossite
opposite,oppossitte
curtains,cartains
curtains,cuaritains
curtains,curtans
curtains,curtians
curtains,curtions
address,adress
address,adres
management,managment
variant,vairiant
supersede,supercede
